timestamp,pace_min_per_km,elevation_meters,heart_rate_bpm
2024-11-02 17:46:00,8.431946164796765,53.2,0
2024-11-02 17:46:01,8.417790428087827,53.1,0
2024-11-02 17:46:02,8.52258551237505,53.1,0
2024-11-02 17:46:03,8.466069110995337,53.1,0
2024-11-02 17:46:04,8.515528599647926,53.0,0
2024-11-02 17:46:05,8.492855608198827,53.0,0
2024-11-02 17:46:06,8.594550642440204,53.0,0
2024-11-02 17:46:07,8.707403367271768,52.9,0
2024-11-02 17:46:08,8.947819437963473,52.9,0
2024-11-02 17:46:09,8.770173207391975,52.9,0
2024-11-02 17:46:10,8.714842980481645,52.8,0
2024-11-02 17:46:11,8.708825508677771,52.8,0
2024-11-02 17:46:12,8.827819791008949,52.8,0
2024-11-02 17:46:13,8.838457408303112,52.8,0
2024-11-02 17:46:14,8.898640068622434,52.7,0
2024-11-02 17:46:15,8.943035860881361,52.7,0
2024-11-02 17:46:16,8.958358024720072,52.6,0
2024-11-02 17:46:17,8.970734260533352,52.6,0
2024-11-02 17:46:18,9.048173194408829,52.6,0
2024-11-02 17:46:19,8.987700604232652,52.5,0
2024-11-02 17:46:20,9.049412153476952,52.5,0
2024-11-02 17:46:21,8.937910018171205,52.4,0
2024-11-02 17:46:22,9.010262676023395,52.4,0
2024-11-02 17:46:23,8.950510805225386,52.3,0
2024-11-02 17:46:24,9.084439991055481,52.3,0
2024-11-02 17:46:25,9.045057966957957,52.2,0
2024-11-02 17:46:26,9.127942016790845,52.2,0
2024-11-02 17:46:27,9.094316112712255,52.2,0
2024-11-02 17:46:28,9.158754252032724,52.1,0
2024-11-02 17:46:29,9.191244382554187,52.1,0
2024-11-02 17:46:30,9.10385580439745,52.1,0
2024-11-02 17:46:31,9.215164110116177,52.0,0
2024-11-02 17:46:32,9.088948287005918,52.0,0
2024-11-02 17:46:33,8.958752725359519,52.0,0
2024-11-02 17:46:34,9.044692454665908,51.9,0
2024-11-02 17:46:35,8.883836917780775,51.9,0
2024-11-02 17:46:36,8.893377560967377,51.8,0
2024-11-02 17:46:37,9.033087427532129,51.8,0
2024-11-02 17:46:38,9.004175711161151,51.8,0
2024-11-02 17:46:39,9.11006513916063,51.8,0
2024-11-02 17:46:40,8.992233400337966,51.7,0
2024-11-02 17:46:41,9.176026129939446,51.7,0
2024-11-02 17:46:42,9.055558640427677,51.7,0
2024-11-02 17:46:43,9.201011056491392,51.6,0
2024-11-02 17:46:44,9.031514083495445,51.6,0
2024-11-02 17:46:45,9.198680795578282,51.6,0
2024-11-02 17:46:46,9.051754580442779,51.6,0
2024-11-02 17:46:47,9.066819992366927,51.5,0
2024-11-02 17:46:48,8.963809476537271,51.5,0
2024-11-02 17:46:49,9.202210548373,51.5,0
2024-11-02 17:46:50,9.085465815501898,51.5,0
2024-11-02 17:46:51,9.0372975886408,51.6,0
2024-11-02 17:46:52,8.990655348325742,51.6,0
2024-11-02 17:46:53,8.987520761200008,51.6,0
2024-11-02 17:46:54,8.918313746730716,51.7,0
2024-11-02 17:46:55,8.95333395216885,51.7,0
2024-11-02 17:46:56,8.961133212662013,51.8,0
2024-11-02 17:46:57,8.8643915831377,51.8,0
2024-11-02 17:46:58,9.056865609640102,51.8,0
2024-11-02 17:46:59,8.940566063960064,51.9,0
2024-11-02 17:47:00,8.94960890486661,51.9,0
2024-11-02 17:47:01,9.005269520908152,52.0,0
2024-11-02 17:47:02,8.89390339202611,52.1,0
2024-11-02 17:47:03,9.020906446604032,52.1,0
2024-11-02 17:47:04,8.972466191738482,52.1,0
2024-11-02 17:47:05,9.044575805713444,52.2,0
2024-11-02 17:47:06,8.949335158605283,52.3,0
2024-11-02 17:47:07,9.06632743411571,52.3,0
2024-11-02 17:47:08,8.824719153054591,52.4,0
2024-11-02 17:47:09,8.946278589051381,52.4,0
2024-11-02 17:47:10,8.957413926340312,52.5,0
2024-11-02 17:47:11,8.801928131009191,52.5,0
2024-11-02 17:47:12,8.71489790112312,52.6,0
2024-11-02 17:47:13,8.91715033062972,52.6,0
2024-11-02 17:47:14,8.87142710749082,52.7,0
2024-11-02 17:47:15,8.879000442452273,52.7,0
2024-11-02 17:47:16,8.864571384629626,52.7,0
2024-11-02 17:47:17,8.957169960778995,52.7,0
2024-11-02 17:47:18,8.835005080606349,52.7,0
2024-11-02 17:47:19,8.855671493463188,52.7,0
2024-11-02 17:47:20,8.789139665435695,52.7,0
2024-11-02 17:47:21,8.813462163825886,52.8,0
2024-11-02 17:47:22,8.804677320121248,52.8,0
2024-11-02 17:47:23,8.807858802580798,52.8,0
2024-11-02 17:47:24,8.677310290048348,52.9,0
2024-11-02 17:47:25,8.766604778633978,52.9,0
2024-11-02 17:47:26,8.664957240935452,53.0,0
2024-11-02 17:47:27,8.768371500953231,53.0,0
2024-11-02 17:47:28,8.719693405477154,53.0,0
2024-11-02 17:47:29,8.793392481505633,53.0,0
2024-11-02 17:47:30,8.842079384930946,53.1,0
2024-11-02 17:47:31,8.754206785349004,53.1,0
2024-11-02 17:47:32,8.803769659101388,53.1,0
2024-11-02 17:47:33,8.760467345049708,53.1,0
2024-11-02 17:47:34,8.626656999553635,53.2,0
2024-11-02 17:47:35,8.786460815171468,53.2,0
2024-11-02 17:47:36,8.779628820096244,53.2,0
2024-11-02 17:47:37,8.825647809640008,53.2,0
2024-11-02 17:47:38,8.83961251176904,53.3,0
2024-11-02 17:47:39,8.786028561349124,53.3,0
2024-11-02 17:47:40,8.836636395519855,53.3,0
2024-11-02 17:47:41,8.714148776249834,53.3,0
2024-11-02 17:47:42,8.78819884566728,53.3,0
2024-11-02 17:47:43,8.689028078496937,53.3,0
2024-11-02 17:47:44,8.742892023012129,53.4,0
2024-11-02 17:47:45,8.660981584143363,53.4,0
2024-11-02 17:47:46,8.653770188910608,53.4,0
2024-11-02 17:47:47,8.663726375017763,53.4,0
2024-11-02 17:47:48,8.662058539644281,53.5,0
2024-11-02 17:47:49,8.673834450398097,53.5,0
2024-11-02 17:47:50,8.704282006730704,53.5,0
2024-11-02 17:47:51,8.800436723908174,53.5,0
2024-11-02 17:47:52,8.803701942899377,53.5,0
2024-11-02 17:47:53,8.840512657545533,53.6,0
2024-11-02 17:47:54,8.885421004975703,53.6,0
2024-11-02 17:47:55,8.893042793096987,53.6,0
2024-11-02 17:47:56,8.96500472883088,53.6,0
2024-11-02 17:47:57,9.052022412213045,53.6,0
2024-11-02 17:47:58,8.911822750426044,53.6,0
2024-11-02 17:47:59,8.982554198922287,53.7,0
2024-11-02 17:48:00,8.883836175908439,53.7,0
2024-11-02 17:48:01,8.978802061191931,53.7,0
2024-11-02 17:48:02,9.129245672286691,53.7,0
2024-11-02 17:48:03,9.023237001486814,53.7,0
2024-11-02 17:48:04,8.984821209838241,53.8,0
2024-11-02 17:48:05,9.0962225641194,53.8,0
2024-11-02 17:48:06,9.088043162371326,53.8,0
2024-11-02 17:48:07,9.034709578943088,53.8,0
2024-11-02 17:48:08,9.045689534849174,53.8,0
2024-11-02 17:48:09,9.012917905089626,53.9,0
2024-11-02 17:48:10,9.015957384088331,53.9,0
2024-11-02 17:48:11,9.164242775375833,53.9,0
2024-11-02 17:48:12,9.20014984332411,53.9,0
2024-11-02 17:48:13,9.062683663916228,53.9,0
2024-11-02 17:48:14,9.008370475565405,54.0,0
2024-11-02 17:48:15,9.10412404639949,54.0,0
2024-11-02 17:48:16,9.173069357003124,54.0,0
2024-11-02 17:48:17,9.25582125454793,54.0,0
2024-11-02 17:48:18,9.435375017757382,54.0,0
2024-11-02 17:48:19,9.414681599422984,54.0,0
2024-11-02 17:48:20,9.53621574918433,54.1,0
2024-11-02 17:48:21,9.58751339058721,54.1,0
2024-11-02 17:48:22,9.5199221142758,54.1,0
2024-11-02 17:48:23,9.59835962202876,54.1,0
2024-11-02 17:48:24,9.69186886122766,54.1,0
2024-11-02 17:48:25,9.663375988701548,54.1,0
2024-11-02 17:48:26,9.738324275586317,54.2,0
2024-11-02 17:48:27,9.5990319152731,54.2,0
2024-11-02 17:48:28,9.692960709060982,54.2,0
2024-11-02 17:48:29,9.587193142776249,54.3,0
2024-11-02 17:48:30,9.698514393018622,54.3,0
2024-11-02 17:48:31,9.7822179939535,54.3,0
2024-11-02 17:48:32,9.723878265470946,54.3,0
2024-11-02 17:48:33,9.743152727446098,54.4,0
2024-11-02 17:48:34,9.801044957016483,54.4,0
2024-11-02 17:48:35,9.673349331771334,54.4,0
2024-11-02 17:48:36,9.769916066901091,54.4,0
2024-11-02 17:48:37,9.579876198417217,54.5,0
2024-11-02 17:48:38,9.690802919807574,54.5,0
2024-11-02 17:48:39,9.545933578157495,54.6,0
2024-11-02 17:48:40,9.634870903165055,54.6,0
2024-11-02 17:48:41,9.576166457212631,54.6,0
2024-11-02 17:48:42,9.600073611817786,54.6,0
2024-11-02 17:48:43,9.568674975923214,54.7,0
2024-11-02 17:48:44,9.627612818229569,54.7,0
2024-11-02 17:48:45,9.653822654480424,54.7,0
2024-11-02 17:48:46,9.593093528616667,54.8,0
2024-11-02 17:48:47,9.690630392949366,54.8,0
2024-11-02 17:48:48,9.701383164149117,54.9,0
2024-11-02 17:48:49,9.587347734816118,54.9,0
2024-11-02 17:48:50,9.605642988056472,54.9,0
2024-11-02 17:48:51,9.488031317849787,55.0,0
2024-11-02 17:48:52,9.5412664159277,55.0,0
2024-11-02 17:48:53,9.463121046425522,55.1,0
2024-11-02 17:48:54,9.5721871473128,55.1,0
2024-11-02 17:48:55,9.552688477514225,55.1,0
2024-11-02 17:48:56,9.570716928909707,55.1,0
2024-11-02 17:48:57,9.484449384112464,55.2,0
2024-11-02 17:48:58,9.592500319057374,55.2,0
2024-11-02 17:48:59,9.524626867720384,55.3,0
2024-11-02 17:49:00,9.62156711996643,55.3,0
2024-11-02 17:49:01,9.484939280595631,55.4,0
2024-11-02 17:49:02,9.329964627140914,55.4,0
2024-11-02 17:49:03,9.270323444080297,55.5,0
2024-11-02 17:49:04,9.275060998890174,55.5,0
2024-11-02 17:49:05,9.553219434466058,55.5,0
2024-11-02 17:49:06,10.044335248330976,55.5,0
2024-11-02 17:49:07,10.32555689547919,55.6,0
2024-11-02 17:49:08,10.755874719313306,55.6,0
2024-11-02 17:49:09,10.599802388163628,55.6,0
2024-11-02 17:49:10,10.664595381188565,55.7,0
2024-11-02 17:49:11,10.51180754273996,55.7,0
2024-11-02 17:49:12,10.636116564361208,55.7,0
2024-11-02 17:49:13,10.612503270300465,55.8,0
2024-11-02 17:49:14,10.730930044304822,55.8,0
2024-11-02 17:49:15,10.567706451798367,55.9,0
2024-11-02 17:49:16,10.680951074379047,55.9,0
2024-11-02 17:49:17,10.68127631669516,55.9,0
2024-11-02 17:49:18,10.52823085066847,55.9,0
2024-11-02 17:49:19,10.519842968628065,56.0,0
2024-11-02 17:49:20,10.502964096737982,56.0,0
2024-11-02 17:49:21,10.437925189343792,56.1,0
2024-11-02 17:49:22,10.518068812126193,56.1,0
2024-11-02 17:49:23,10.438492527293054,56.1,0
2024-11-02 17:49:24,10.528666859738953,56.2,0
2024-11-02 17:49:25,10.457534344586582,56.2,0
2024-11-02 17:49:26,10.515442760441687,56.2,0
2024-11-02 17:49:27,10.514435377920272,56.2,0
2024-11-02 17:49:28,10.568686589618947,56.2,0
2024-11-02 17:49:29,10.528689868622697,56.2,0
2024-11-02 17:49:30,10.460544638622673,56.1,0
2024-11-02 17:49:31,10.309252259591537,56.1,0
2024-11-02 17:49:32,10.29490694294287,56.1,0
2024-11-02 17:49:33,10.279756034493976,56.1,0
2024-11-02 17:49:34,10.224845057767071,56.1,0
2024-11-02 17:49:35,10.350250086661866,56.1,0
2024-11-02 17:49:36,10.254434702302111,56.1,0
2024-11-02 17:49:37,10.41224467078047,56.1,0
2024-11-02 17:49:38,10.34866421101696,56.1,0
2024-11-02 17:49:39,10.433001936150708,56.1,0
2024-11-02 17:49:40,10.296413978471941,56.1,0
2024-11-02 17:49:41,10.424871049211111,56.1,0
2024-11-02 17:49:42,10.411272073193562,56.2,0
2024-11-02 17:49:43,10.465148496617905,56.2,0
2024-11-02 17:49:44,10.35668861997328,56.2,0
2024-11-02 17:49:45,10.477135117942797,56.2,0
2024-11-02 17:49:46,10.486733980689753,56.3,0
2024-11-02 17:49:47,10.501262023089335,56.3,0
2024-11-02 17:49:48,10.495391408501906,56.3,0
2024-11-02 17:49:49,10.518009084218075,56.3,0
2024-11-02 17:49:50,10.485978109493436,56.4,0
2024-11-02 17:49:51,10.646513778210423,56.4,0
2024-11-02 17:49:52,10.544038092919937,56.4,0
2024-11-02 17:49:53,10.659898399652947,56.4,0
2024-11-02 17:49:54,10.631251442798293,56.5,0
2024-11-02 17:49:55,10.53544175135746,56.5,0
2024-11-02 17:49:56,10.577821129060448,56.5,0
2024-11-02 17:49:57,10.65438755956278,56.5,0
2024-11-02 17:49:58,10.53610390221089,56.6,0
2024-11-02 17:49:59,10.632817977417917,56.6,0
2024-11-02 17:50:00,10.572353081603817,56.6,0
2024-11-02 17:50:01,10.645887571373112,56.6,0
2024-11-02 17:50:02,10.735546556578232,56.6,0
2024-11-02 17:50:03,10.73210658243616,56.7,0
2024-11-02 17:50:04,10.912114915263269,56.7,0
2024-11-02 17:50:05,10.567233960068263,56.7,0
2024-11-02 17:50:06,10.147858718338114,56.7,0
2024-11-02 17:50:07,9.734437224476972,56.7,0
2024-11-02 17:50:08,9.353880092222031,56.7,0
2024-11-02 17:50:09,9.387863407891082,56.8,0
2024-11-02 17:50:10,9.449376779285696,56.8,0
2024-11-02 17:50:11,9.451736345324965,56.8,0
2024-11-02 17:50:12,9.505422246504564,56.8,0
2024-11-02 17:50:13,9.424253658522458,56.7,0
2024-11-02 17:50:14,9.467231064281501,56.7,0
2024-11-02 17:50:15,9.479717691416191,56.7,0
2024-11-02 17:50:16,9.442579824658367,56.8,0
2024-11-02 17:50:17,9.354716105662826,56.8,0
2024-11-02 17:50:18,9.339890758635667,56.9,0
2024-11-02 17:50:19,9.373627853783649,57.0,0
2024-11-02 17:50:20,9.408434917230727,57.0,0
2024-11-02 17:50:21,9.410338079979827,57.1,0
2024-11-02 17:50:22,9.408750776564203,57.2,0
2024-11-02 17:50:23,9.427985252629083,57.2,0
2024-11-02 17:50:24,9.369758988277685,57.3,0
2024-11-02 17:50:25,9.385971283066533,57.4,0
2024-11-02 17:50:26,9.435149059656014,57.4,0
2024-11-02 17:50:27,9.490502899673373,57.5,0
2024-11-02 17:50:28,9.40381923063077,57.6,0
2024-11-02 17:50:29,9.415940572808976,57.7,0
2024-11-02 17:50:30,9.522468007567962,57.7,0
2024-11-02 17:50:31,9.592239350053335,57.8,0
2024-11-02 17:50:32,9.643530635957065,57.8,0
2024-11-02 17:50:33,9.553286577190699,58.0,0
2024-11-02 17:50:34,9.725643087802384,58.0,0
2024-11-02 17:50:35,9.600349810530412,58.1,0
2024-11-02 17:50:36,9.645324158294017,58.1,0
2024-11-02 17:50:37,9.52213311601449,58.2,0
2024-11-02 17:50:38,9.527992589368075,58.3,0
2024-11-02 17:50:39,9.459802632487897,58.4,0
2024-11-02 17:50:40,9.585450655927824,58.4,0
2024-11-02 17:50:41,9.398570834636258,58.5,0
2024-11-02 17:50:42,9.492494608454924,58.6,0
2024-11-02 17:50:43,9.416192400670292,58.7,0
2024-11-02 17:50:44,9.595344991348702,58.7,0
2024-11-02 17:50:45,9.385013996064028,58.8,0
2024-11-02 17:50:46,9.488250975397287,58.8,0
2024-11-02 17:50:47,9.405430537504868,58.9,0
2024-11-02 17:50:48,9.463475723635982,59.0,0
2024-11-02 17:50:49,9.421358805880514,59.0,0
2024-11-02 17:50:50,9.525313645366948,59.1,0
2024-11-02 17:50:51,9.444950625079155,59.1,0
2024-11-02 17:50:52,9.511894172267962,59.2,0
2024-11-02 17:50:53,9.409392405418762,59.3,0
2024-11-02 17:50:54,9.438038212330024,59.3,0
2024-11-02 17:50:55,9.476219212722915,59.4,0
2024-11-02 17:50:56,9.467297530271837,59.4,0
2024-11-02 17:50:57,9.427372246479838,59.5,0
2024-11-02 17:50:58,9.51499623746751,59.4,0
2024-11-02 17:50:59,9.43979781918345,59.4,0
2024-11-02 17:51:00,9.381622506253178,59.4,0
2024-11-02 17:51:01,9.485602441881026,59.4,0
2024-11-02 17:51:02,9.411146188549022,59.4,0
2024-11-02 17:51:03,9.596830812820054,59.4,0
2024-11-02 17:51:04,9.39909084008527,59.4,0
2024-11-02 17:51:05,9.45562277213873,59.4,0
2024-11-02 17:51:06,9.388376611157694,59.4,0
2024-11-02 17:51:07,9.509162646879254,59.4,0
2024-11-02 17:51:08,9.433067343011043,59.4,0
2024-11-02 17:51:09,9.601691752182452,59.4,0
2024-11-02 17:51:10,9.547521208276473,59.4,0
2024-11-02 17:51:11,9.60312459287892,59.4,0
2024-11-02 17:51:12,9.384143834000579,59.4,0
2024-11-02 17:51:13,9.540141411523374,59.4,0
2024-11-02 17:51:14,9.389564420613912,59.4,0
2024-11-02 17:51:15,9.531281314676079,59.4,0
2024-11-02 17:51:16,9.470385418314466,59.3,0
2024-11-02 17:51:17,9.47038550135083,59.3,0
2024-11-02 17:51:18,9.44482788157577,59.3,0
2024-11-02 17:51:19,9.620582460926915,59.3,0
2024-11-02 17:51:20,9.479299758125512,59.3,0
2024-11-02 17:51:21,9.657378784732943,59.3,0
2024-11-02 17:51:22,9.506602768085015,59.3,0
2024-11-02 17:51:23,9.565673288643556,59.3,0
2024-11-02 17:51:24,9.507358333360974,59.3,0
2024-11-02 17:51:25,9.534014320865817,59.2,0
2024-11-02 17:51:26,9.54260805663994,59.2,0
2024-11-02 17:51:27,9.661750876942113,59.2,0
2024-11-02 17:51:28,9.72257401147588,59.2,0
2024-11-02 17:51:29,9.7886985154693,59.2,0
2024-11-02 17:51:30,9.67473109754053,59.2,0
2024-11-02 17:51:31,9.692195344403778,59.2,0
2024-11-02 17:51:32,9.650932175322842,59.2,0
2024-11-02 17:51:33,9.794178731943447,59.2,0
2024-11-02 17:51:34,9.620876374359865,59.1,0
2024-11-02 17:51:35,9.704896230351263,59.1,0
2024-11-02 17:51:36,9.696301630464172,59.1,0
2024-11-02 17:51:37,9.687188287754413,59.1,0
2024-11-02 17:51:38,9.607803493142457,59.1,0
2024-11-02 17:51:39,9.671087201574233,59.0,0
2024-11-02 17:51:40,9.568028378191949,59.0,0
2024-11-02 17:51:41,9.691784649776158,59.0,0
2024-11-02 17:51:42,9.544750972698175,59.0,0
2024-11-02 17:51:43,9.628327233794293,59.0,0
2024-11-02 17:51:44,9.53287089697173,59.0,0
2024-11-02 17:51:45,9.552274426502304,58.9,0
2024-11-02 17:51:46,10.401389308434723,58.9,0
2024-11-02 17:51:47,10.435779076317838,58.9,0
2024-11-02 17:51:48,10.776116281402766,58.9,0
2024-11-02 17:51:49,10.77695796716837,58.9,0
2024-11-02 17:51:50,10.782545335145533,58.9,0
2024-11-02 17:51:51,10.816783324442651,58.9,0
2024-11-02 17:51:52,10.774853195980025,58.9,0
2024-11-02 17:51:53,10.737153054404205,58.8,0
2024-11-02 17:51:54,10.720362826870547,58.8,0
2024-11-02 17:51:55,10.705614915432992,58.8,0
2024-11-02 17:51:56,10.600643255910574,58.8,0
2024-11-02 17:51:57,10.573649397201189,58.7,0
2024-11-02 17:51:58,10.795704191006585,58.7,0
2024-11-02 17:51:59,10.77849220371741,58.7,0
2024-11-02 17:52:00,11.00097162352187,58.7,0
2024-11-02 17:52:01,10.855281619787341,58.7,0
2024-11-02 17:52:02,10.839710815583851,58.6,0
2024-11-02 17:52:03,10.717574757948858,58.6,0
2024-11-02 17:52:04,10.729141247609968,58.6,0
2024-11-02 17:52:05,10.688325327017017,58.6,0
2024-11-02 17:52:06,10.730326826666355,58.5,0
2024-11-02 17:52:07,10.586792104211538,58.5,0
2024-11-02 17:52:08,10.718361862643018,58.5,0
2024-11-02 17:52:09,10.533315785173903,58.5,0
2024-11-02 17:52:10,10.638954620686574,58.4,0
2024-11-02 17:52:11,10.573609384999475,58.4,0
2024-11-02 17:52:12,10.706012661256194,58.4,0
2024-11-02 17:52:13,10.54776662720047,58.4,0
2024-11-02 17:52:14,10.752836902387989,58.4,0
2024-11-02 17:52:15,10.604579243754134,58.3,0
2024-11-02 17:52:16,10.702267319581626,58.3,0
2024-11-02 17:52:17,10.622782237511228,58.3,0
2024-11-02 17:52:18,10.736259925859923,58.3,0
2024-11-02 17:52:19,10.556925144808039,58.3,0
2024-11-02 17:52:20,10.725119654663295,58.3,0
2024-11-02 17:52:21,10.61747020381674,58.2,0
2024-11-02 17:52:22,10.690028833160513,58.2,0
2024-11-02 17:52:23,10.607522303384398,58.2,0
2024-11-02 17:52:24,10.626833337004749,58.2,0
2024-11-02 17:52:25,10.57786322190257,58.2,0
2024-11-02 17:52:26,10.559132169427526,58.1,0
2024-11-02 17:52:27,10.394998728306357,58.1,0
2024-11-02 17:52:28,10.427903772893746,58.1,0
2024-11-02 17:52:29,10.36375874198755,58.1,0
2024-11-02 17:52:30,10.271160010044317,58.0,0
2024-11-02 17:52:31,10.309075125642135,58.0,0
2024-11-02 17:52:32,10.375988695737542,58.0,0
2024-11-02 17:52:33,10.286572879444702,58.0,0
2024-11-02 17:52:34,10.380173953920028,58.0,0
2024-11-02 17:52:35,10.298850426717614,58.0,0
2024-11-02 17:52:36,10.255834158265067,57.9,0
2024-11-02 17:52:37,10.416554613315421,57.9,0
2024-11-02 17:52:38,10.471184639815307,57.9,0
2024-11-02 17:52:39,10.494454394948551,57.9,0
2024-11-02 17:52:40,10.504548659374219,57.9,0
2024-11-02 17:52:41,10.498077393240646,57.9,0
2024-11-02 17:52:42,10.47246596036723,57.8,0
2024-11-02 17:52:43,10.603651065431178,57.8,0
2024-11-02 17:52:44,10.516260884177452,57.8,0
2024-11-02 17:52:45,10.613825579960904,57.8,0
2024-11-02 17:52:46,9.649887235146304,57.8,0
2024-11-02 17:52:47,9.693628952913034,57.8,0
2024-11-02 17:52:48,9.283185834212142,57.7,0
2024-11-02 17:52:49,9.349734662679476,57.7,0
2024-11-02 17:52:50,9.237670454081101,57.7,0
2024-11-02 17:52:51,9.254264935029877,57.7,0
2024-11-02 17:52:52,9.212287882933705,57.7,0
2024-11-02 17:52:53,9.343553323708853,57.6,0
2024-11-02 17:52:54,9.199651882991809,57.6,0
2024-11-02 17:52:55,9.312608012970195,57.6,0
2024-11-02 17:52:56,9.271870373880123,57.6,0
2024-11-02 17:52:57,9.42074697247399,57.6,0
2024-11-02 17:52:58,9.043098906919948,57.5,0
2024-11-02 17:52:59,9.198993528116835,57.5,0
2024-11-02 17:53:00,9.034086733021194,57.5,0
2024-11-02 17:53:01,9.063752007398346,57.5,0
2024-11-02 17:53:02,9.10933809819652,57.4,0
2024-11-02 17:53:03,9.21274333603608,57.4,0
2024-11-02 17:53:04,9.368454551180868,57.4,0
2024-11-02 17:53:05,9.345473481210488,57.4,0
2024-11-02 17:53:06,9.37796830271673,57.5,0
2024-11-02 17:53:07,9.376449868540936,57.5,0
2024-11-02 17:53:08,9.247252356696427,57.5,0
2024-11-02 17:53:09,9.412609119891982,57.5,0
2024-11-02 17:53:10,9.228300694178566,57.6,0
2024-11-02 17:53:11,9.423015441642008,57.6,0
2024-11-02 17:53:13,9.33416498940969,57.6,0
2024-11-02 17:53:14,9.334519585260606,57.6,0
2024-11-02 17:53:15,9.251648452373848,57.6,0
2024-11-02 17:53:16,9.248761399650892,57.6,0
2024-11-02 17:53:17,9.261778100910396,57.6,0
2024-11-02 17:53:18,9.377795462430985,57.6,0
2024-11-02 17:53:19,9.310911756108696,57.6,0
2024-11-02 17:53:20,9.305098978258039,57.6,0
2024-11-02 17:53:21,9.32525239536577,57.6,0
2024-11-02 17:53:22,9.245225151412246,57.5,0
2024-11-02 17:53:23,9.28748929411123,57.5,0
2024-11-02 17:53:24,9.285671761071635,57.5,0
2024-11-02 17:53:25,9.420093622041701,57.5,0
2024-11-02 17:53:26,9.433319850944457,57.5,0
2024-11-02 17:53:27,9.482264378899892,57.5,0
2024-11-02 17:53:28,9.475661472242903,57.5,0
2024-11-02 17:53:29,9.401097974775784,57.5,0
2024-11-02 17:53:30,9.420703296573526,57.4,0
2024-11-02 17:53:31,9.587917816599255,57.4,0
2024-11-02 17:53:32,9.605043216480258,57.4,0
2024-11-02 17:53:33,9.720016322120212,57.4,0
2024-11-02 17:53:34,9.670365690558095,57.4,0
2024-11-02 17:53:35,9.589487743125959,57.4,0
2024-11-02 17:53:36,9.677177049594064,57.4,0
2024-11-02 17:53:37,9.682823128678653,57.4,0
2024-11-02 17:53:38,9.610173772204508,57.3,0
2024-11-02 17:53:39,9.577900701918322,57.2,0
2024-11-02 17:53:40,9.458076636750986,57.1,0
2024-11-02 17:53:41,9.607004209485684,57.1,0
2024-11-02 17:53:42,9.491802491389086,57.0,0
2024-11-02 17:53:43,9.55909962114652,57.0,0
2024-11-02 17:53:44,9.453979146640673,57.0,0
2024-11-02 17:53:45,9.509185357290486,56.9,0
2024-11-02 17:53:46,9.445724487219483,56.9,0
2024-11-02 17:53:47,9.439696669243753,56.8,0
2024-11-02 17:53:48,9.38259823641826,56.8,0
2024-11-02 17:53:49,9.384085448514806,56.8,0
2024-11-02 17:53:50,9.311773977949622,56.7,0
2024-11-02 17:53:51,9.358108209718853,56.7,0
2024-11-02 17:53:52,9.326741209604338,56.7,0
2024-11-02 17:53:53,9.329806245491069,56.6,0
2024-11-02 17:53:54,9.389141444485796,56.6,0
2024-11-02 17:53:55,9.482661140703517,56.6,0
2024-11-02 17:53:56,9.433533171881207,56.5,0
2024-11-02 17:53:57,9.4453908067399,56.5,0
2024-11-02 17:53:58,9.457367451230027,56.4,0
2024-11-02 17:53:59,9.484320863209023,56.4,0
2024-11-02 17:54:00,9.502300638959651,56.4,0
2024-11-02 17:54:01,9.47270069976159,56.3,0
2024-11-02 17:54:02,9.624655126893135,56.3,0
2024-11-02 17:54:03,9.767898539318074,56.3,0
2024-11-02 17:54:04,9.595788375592441,56.2,0
2024-11-02 17:54:05,9.62753674688677,56.2,0
2024-11-02 17:54:06,9.608255359795628,56.1,0
2024-11-02 17:54:07,9.605985246338888,56.1,0
2024-11-02 17:54:08,9.700755817400212,56.0,0
2024-11-02 17:54:09,9.799005907917254,56.0,0
2024-11-02 17:54:10,9.658232877035406,55.9,0
2024-11-02 17:54:11,9.764475102075263,55.9,0
2024-11-02 17:54:12,9.594222031966007,55.8,0
2024-11-02 17:54:13,9.719240024774944,55.8,0
2024-11-02 17:54:14,9.723262590521818,55.7,0
2024-11-02 17:54:15,9.751096810690086,55.7,0
2024-11-02 17:54:16,9.830444856307404,55.7,0
2024-11-02 17:54:17,9.711794652627917,55.6,0
2024-11-02 17:54:18,9.673185698161909,55.6,0
2024-11-02 17:54:19,9.678891982722785,55.6,0
2024-11-02 17:54:20,9.675114234009895,55.6,0
2024-11-02 17:54:21,9.651076881348123,55.5,0
2024-11-02 17:54:22,9.65901010113975,55.5,0
2024-11-02 17:54:23,9.792281555021649,55.5,0
2024-11-02 17:54:24,9.799962424045747,55.4,0
2024-11-02 17:54:25,9.606015559577148,55.4,0
2024-11-02 17:54:26,9.595005248416156,55.3,0
2024-11-02 17:54:27,9.50380027577548,55.3,0
2024-11-02 17:54:28,9.520721762581568,55.3,0
2024-11-02 17:54:29,9.41925463903932,55.1,0
2024-11-02 17:54:30,9.499369431351873,55.1,0
2024-11-02 17:54:31,9.34526458135562,55.0,0
2024-11-02 17:54:32,9.195380028761823,54.9,0
2024-11-02 17:54:33,9.151453212755976,54.8,0
2024-11-02 17:54:34,9.159881874931854,54.8,0
2024-11-02 17:54:35,9.245180392981593,54.7,0
2024-11-02 17:54:36,9.134544506400282,54.6,0
2024-11-02 17:54:37,9.249756163879946,54.6,0
2024-11-02 17:54:38,9.125837306661209,54.5,0
2024-11-02 17:54:39,9.267435662117704,54.5,0
2024-11-02 17:54:40,9.25822627444045,54.4,0
2024-11-02 17:54:41,9.229889515966077,54.3,0
2024-11-02 17:54:42,9.225519345638094,54.2,0
2024-11-02 17:54:43,9.377212644110207,54.2,0
2024-11-02 17:54:44,9.27346240105339,54.1,0
2024-11-02 17:54:45,9.434254696191896,54.1,0
2024-11-02 17:54:46,9.357556828381503,54.0,0
2024-11-02 17:54:47,9.499080654206209,53.9,0
2024-11-02 17:54:48,9.49577432425025,53.9,0
2024-11-02 17:54:49,9.544908382653782,53.8,0
2024-11-02 17:54:50,9.44864324444928,53.7,0
2024-11-02 17:54:51,9.577921190076848,53.7,0
2024-11-02 17:54:52,9.464098048826038,53.6,0
2024-11-02 17:54:53,9.597585595249333,53.6,0
2024-11-02 17:54:54,9.433867707576221,53.5,0
2024-11-02 17:54:55,9.34433093721092,53.4,0
2024-11-02 17:54:56,9.375935361175538,53.4,0
2024-11-02 17:54:57,9.369860724871312,53.3,0
2024-11-02 17:54:58,9.346356427786208,53.3,0
2024-11-02 17:54:59,9.342132903235989,53.2,0
2024-11-02 17:55:00,9.351235566285139,53.2,0
2024-11-02 17:55:01,9.325784577674035,53.1,0
2024-11-02 17:55:02,9.105589946338856,53.0,0
2024-11-02 17:55:03,9.059221493134638,53.0,0
2024-11-02 17:55:04,9.073193253402923,52.9,0
2024-11-02 17:55:06,8.956888172462019,52.8,0
2024-11-02 17:55:07,8.88386168379601,52.8,0
2024-11-02 17:55:08,8.803876984071286,52.7,0
2024-11-02 17:55:09,8.76844972360958,52.6,0
2024-11-02 17:55:10,8.669568503522184,52.5,0
2024-11-02 17:55:11,8.806482398678737,52.5,0
2024-11-02 17:55:12,8.693473722404674,52.4,0
2024-11-02 17:55:13,8.777672977450125,52.4,0
2024-11-02 17:55:14,8.604121171362147,52.3,0
2024-11-02 17:55:15,8.708285656235415,52.2,0
2024-11-02 17:55:16,8.542833947365406,52.1,0
2024-11-02 17:55:17,8.616066848013476,52.1,0
2024-11-02 17:55:18,8.549442567723679,52.0,0
2024-11-02 17:55:19,8.667303683291001,52.0,0
2024-11-02 17:55:20,8.608078864718884,51.8,0
2024-11-02 17:55:21,8.703839741481108,51.8,0
2024-11-02 17:55:22,8.511061934469597,51.6,0
2024-11-02 17:55:23,8.510642078869953,51.6,0
2024-11-02 17:55:24,8.403501629811833,51.6,0
2024-11-02 17:55:25,8.391144427386315,51.6,0
2024-11-02 17:55:26,8.378218947123326,51.5,0
2024-11-02 17:55:27,8.385190727970029,51.5,0
2024-11-02 17:55:28,8.255145760095054,51.5,0
2024-11-02 17:55:29,8.428868183479075,51.5,0
2024-11-02 17:55:30,8.43629074008568,51.4,0
2024-11-02 17:55:31,8.315168550238631,51.4,0
2024-11-02 17:55:32,8.405905522545519,51.3,0
2024-11-02 17:55:33,8.403592796512122,51.2,0
2024-11-02 17:55:34,8.272745967824102,51.1,0
2024-11-02 17:55:35,8.263569559376235,50.9,0
2024-11-02 17:55:36,8.168184143018843,50.8,0
2024-11-02 17:55:37,8.126009710402982,50.7,0
2024-11-02 17:55:38,8.014952253210616,50.6,0
2024-11-02 17:55:39,8.001996532805471,50.4,0
2024-11-02 17:55:40,8.00418284216077,50.4,0
2024-11-02 17:55:41,8.00179112529073,50.3,0
2024-11-02 17:55:42,7.951002737760726,50.2,0
2024-11-02 17:55:43,7.963717927987506,50.1,0
2024-11-02 17:55:44,7.7400044258621925,50.1,0
2024-11-02 17:55:45,7.9347831175010874,50.1,0
2024-11-02 17:55:46,7.698889294978801,50.0,0
2024-11-02 17:55:47,7.819288465322644,50.0,0
2024-11-02 17:55:48,7.668724779546685,50.0,0
2024-11-02 17:55:49,7.547350854469263,50.0,0
2024-11-02 17:55:50,7.620922078631362,50.0,0
2024-11-02 17:55:51,7.6506116199811,49.9,0
2024-11-02 17:55:52,7.543980011591222,49.9,0
2024-11-02 17:55:53,7.54977274946381,49.8,0
2024-11-02 17:55:54,7.568068427327137,49.8,0
2024-11-02 17:55:55,7.554356714272119,49.7,0
2024-11-02 17:55:56,7.674781581135374,49.6,0
2024-11-02 17:55:57,7.622181059002485,49.6,0
2024-11-02 17:55:58,7.6889364451580695,49.5,0
2024-11-02 17:55:59,7.695037956794198,49.5,0
2024-11-02 17:56:00,7.739141615353121,49.5,0
2024-11-02 17:56:01,7.611015686604045,49.4,0
2024-11-02 17:56:02,7.784978884522591,49.4,0
2024-11-02 17:56:03,7.869818655585045,49.3,0
2024-11-02 17:56:04,7.77780832049377,49.3,0
2024-11-02 17:56:05,7.768007915479469,49.2,0
2024-11-02 17:56:06,7.697867834796125,49.1,0
2024-11-02 17:56:07,7.701485318503896,49.0,0
2024-11-02 17:56:08,7.7107640494243075,48.9,0
2024-11-02 17:56:09,7.807908656029833,48.9,0
2024-11-02 17:56:10,7.805770721829026,48.8,0
2024-11-02 17:56:11,7.790897725536874,48.8,0
2024-11-02 17:56:12,7.859382526087072,48.8,0
2024-11-02 17:56:13,7.816458463905866,48.8,0
2024-11-02 17:56:14,7.805214533173186,48.8,0
2024-11-02 17:56:15,7.740660421760679,48.8,0
2024-11-02 17:56:16,7.740270364762755,48.7,0
2024-11-02 17:56:17,7.725049934693386,48.7,0
2024-11-02 17:56:18,7.721156391984539,48.7,0
2024-11-02 17:56:19,7.638434417222641,48.7,0
2024-11-02 17:56:20,7.66889625535158,48.7,0
2024-11-02 17:56:21,7.869254134116596,48.7,0
2024-11-02 17:56:22,8.2308687971769,48.7,0
2024-11-02 17:56:23,8.23536192064054,48.6,0
2024-11-02 17:56:24,8.100803999243736,48.6,0
2024-11-02 17:56:25,8.115379297880452,48.6,0
2024-11-02 17:56:26,8.30202925768047,48.6,0
2024-11-02 17:56:27,8.303741715660186,48.6,0
2024-11-02 17:56:28,8.493361949722257,48.6,0
2024-11-02 17:56:29,8.296199652200011,48.6,0
2024-11-02 17:56:30,8.429370092949311,48.6,0
2024-11-02 17:56:31,8.431434011517691,48.5,0
2024-11-02 17:56:32,8.382407857592137,48.5,0
2024-11-02 17:56:33,8.378113301808055,48.5,0
2024-11-02 17:56:34,8.46062189100498,48.5,0
2024-11-02 17:56:35,8.530016284958089,48.5,0
2024-11-02 17:56:36,8.567749246836454,48.5,0
2024-11-02 17:56:37,8.56487303478006,48.5,0
2024-11-02 17:56:38,8.561640781811288,48.5,0
2024-11-02 17:56:39,8.570292224942024,48.4,0
2024-11-02 17:56:40,8.412335265891889,48.4,0
2024-11-02 17:56:41,8.525370060220403,48.4,0
2024-11-02 17:56:42,8.41439377478727,48.4,0
2024-11-02 17:56:43,8.557496892170759,48.4,0
2024-11-02 17:56:44,8.565485192676107,48.4,0
2024-11-02 17:56:45,8.547803248683168,48.4,0
2024-11-02 17:56:46,8.64344359315526,48.3,0
2024-11-02 17:56:47,8.648814557967192,48.3,0
2024-11-02 17:56:48,8.772578605882414,48.3,0
2024-11-02 17:56:49,8.818158575247377,48.3,0
2024-11-02 17:56:50,8.710433060894607,48.3,0
2024-11-02 17:56:51,8.726523948198535,48.5,0
2024-11-02 17:56:52,8.897791212543193,48.6,0
2024-11-02 17:56:53,9.229580838987369,48.7,0
2024-11-02 17:57:12,9.196758002868412,48.7,0
2024-11-02 17:57:13,9.391502645462081,48.7,0
2024-11-02 17:57:14,9.351636167421004,48.7,0
2024-11-02 17:57:15,9.381030771723506,48.7,0
2024-11-02 17:57:16,9.459008989076079,48.7,0
2024-11-02 17:57:17,9.509354173434945,48.7,0
2024-11-02 17:57:18,9.52651482320204,48.7,0
2024-11-02 17:57:19,9.559866632227521,48.7,0
2024-11-02 17:57:20,9.472447563207206,48.7,0
2024-11-02 17:57:21,9.432256321140072,48.7,0
2024-11-02 17:57:22,9.54614733099649,48.7,0
2024-11-02 17:57:23,9.70261550000026,48.7,0
2024-11-02 17:57:24,9.78222168683109,48.7,0
2024-11-02 17:57:25,9.964291089690072,48.7,0
2024-11-02 17:57:26,10.059347923512709,48.7,0
2024-11-02 17:57:27,9.99222972570916,48.7,0
2024-11-02 17:57:28,10.072685483542186,48.6,0
2024-11-02 17:57:29,10.060418760098704,48.6,0
2024-11-02 17:57:30,10.07200174204725,48.6,0
2024-11-02 17:57:31,10.089972056139777,48.6,0
2024-11-02 17:57:32,10.164034821095063,48.6,0
2024-11-02 17:57:33,10.146652700711142,48.6,0
2024-11-02 17:57:34,10.360959219273264,48.6,0
2024-11-02 17:57:35,10.440733549725868,48.6,0
2024-11-02 17:57:36,10.538178066907564,48.6,0
2024-11-02 17:57:37,10.504515620803748,48.6,0
2024-11-02 17:57:38,10.602439238512806,48.6,0
2024-11-02 17:57:39,10.38067369695087,48.6,0
2024-11-02 17:57:40,10.100333870070036,48.6,0
2024-11-02 17:57:41,10.189653196800323,48.6,0
2024-11-02 17:57:42,10.276225898731473,48.6,0
2024-11-02 17:57:43,10.36393785360526,48.6,0
2024-11-02 17:57:44,10.25852453094376,48.6,0
2024-11-02 17:57:45,10.317089037976286,48.6,0
2024-11-02 17:57:46,10.166055437682745,48.5,0
2024-11-02 17:57:47,10.388276618347152,48.5,0
2024-11-02 17:57:48,10.45329595295033,48.5,0
2024-11-02 17:57:49,10.5987852887018,48.5,0
2024-11-02 17:57:50,10.60384198246223,48.5,0
2024-11-02 17:57:51,10.612540760994303,48.5,0
2024-11-02 17:57:52,10.817666760524693,48.5,0
2024-11-02 17:57:53,10.73258376180148,48.4,0
2024-11-02 17:57:54,10.786615894812552,48.4,0
2024-11-02 17:57:55,10.776080505896703,48.4,0
2024-11-02 17:57:56,10.836334667254587,48.4,0
2024-11-02 17:57:57,10.833647075015612,48.3,0
2024-11-02 17:57:58,10.876719805857023,48.3,0
2024-11-02 17:57:59,10.761577783394177,48.3,0
2024-11-02 17:58:00,10.810253565756776,48.3,0
2024-11-02 17:58:01,10.662616660264174,48.3,0
2024-11-02 17:58:02,10.702907194398753,48.3,0
2024-11-02 17:58:03,10.537147229932556,48.3,0
2024-11-02 17:58:04,10.566944120087113,48.3,0
2024-11-02 17:58:05,10.434581720661336,48.3,0
2024-11-02 17:58:06,10.522005835761007,48.3,0
2024-11-02 17:58:07,10.503146553457864,48.2,0
2024-11-02 17:58:08,10.482583648661436,48.2,0
2024-11-02 17:58:09,10.554999940251726,48.2,0
2024-11-02 17:58:10,10.358056675742382,48.2,0
2024-11-02 17:58:11,10.097533981288835,48.2,0
2024-11-02 17:58:12,9.973125828549769,48.2,0
2024-11-02 17:58:13,9.801374728294666,48.1,0
2024-11-02 17:58:14,9.709857445859665,48.1,0
2024-11-02 17:58:15,9.744048485093275,48.1,0
2024-11-02 17:58:16,9.602820235978543,48.1,0
2024-11-02 17:58:17,9.536512560977126,48.1,0
2024-11-02 17:58:18,9.455122230691956,48.1,0
2024-11-02 17:58:19,9.468424361757716,48.1,0
2024-11-02 17:58:20,9.380446544489342,48.1,0
2024-11-02 17:58:21,9.48179529289314,48.1,0
2024-11-02 17:58:22,9.32169205390011,48.1,0
2024-11-02 17:58:23,9.33353117393911,48.1,0
2024-11-02 17:58:24,9.255396378753854,48.1,0
2024-11-02 17:58:25,9.055570142221505,48.1,0
2024-11-02 17:58:26,9.055221376864273,48.0,0
2024-11-02 17:58:27,8.939428507149909,48.0,0
2024-11-02 17:58:28,8.94828996444097,48.0,0
2024-11-02 17:58:29,8.812593974612225,47.8,0
2024-11-02 17:58:30,8.87288259548191,47.7,0
2024-11-02 17:58:31,8.792784998141071,47.6,0
2024-11-02 17:58:32,8.921955096291892,47.6,0
2024-11-02 17:58:33,8.89348503066701,47.5,0
2024-11-02 17:58:34,8.800228866824739,47.5,0
2024-11-02 17:58:35,8.58089981186947,47.5,0
2024-11-02 17:58:36,8.637701647672648,47.5,0
2024-11-02 17:58:37,8.550922209892876,47.4,0
2024-11-02 17:58:38,8.58630983801213,47.4,0
2024-11-02 17:58:39,8.539346749774825,47.4,0
2024-11-02 17:58:40,8.607637098386618,47.4,0
2024-11-02 17:58:41,8.584097346411433,47.4,0
2024-11-02 17:58:42,8.534103274852336,47.5,0
2024-11-02 17:58:43,8.445389563976976,47.5,0
2024-11-02 17:58:44,8.543647550658932,47.5,0
2024-11-02 17:58:45,8.490101217598518,47.5,0
2024-11-02 17:58:46,8.61234740023592,47.5,0
2024-11-02 17:58:47,8.444613191124485,47.5,0
2024-11-02 17:58:48,8.335609476783674,47.5,0
2024-11-02 17:58:49,8.207842238410702,47.5,0
2024-11-02 17:58:50,8.387870648425032,47.5,0
2024-11-02 17:58:51,8.404369465508312,47.5,0
2024-11-02 17:58:52,8.108816981374403,47.5,0
2024-11-02 17:58:53,8.196793882770553,47.5,0
2024-11-02 17:58:54,8.099433987854194,47.5,0
2024-11-02 17:58:55,8.30886672609557,47.5,0
2024-11-02 17:58:56,8.250395423178764,47.5,0
2024-11-02 17:58:57,8.413033030975454,47.5,0
2024-11-02 17:58:58,8.363761749322,47.5,0
2024-11-02 17:58:59,8.461396330334141,47.5,0
2024-11-02 17:59:00,8.409525394379589,47.5,0
2024-11-02 17:59:01,8.536644938044141,47.5,0
2024-11-02 17:59:02,8.494566583653613,47.5,0
2024-11-02 17:59:03,8.474256403514243,47.4,0
2024-11-02 17:59:04,8.375540098187736,47.4,0
2024-11-02 17:59:05,8.388301656550944,47.4,0
2024-11-02 17:59:06,8.347289813721089,47.4,0
2024-11-02 17:59:07,8.340591868989156,47.4,0
2024-11-02 17:59:08,8.451081138065614,47.4,0
2024-11-02 17:59:09,8.317657924610739,47.4,0
2024-11-02 17:59:10,8.348292303084985,47.4,0
2024-11-02 17:59:11,8.266636383541035,47.4,0
2024-11-02 17:59:12,8.384200037013224,47.4,0
2024-11-02 17:59:13,8.373655463331184,47.4,0
2024-11-02 17:59:14,8.496588296735007,47.4,0
2024-11-02 17:59:15,8.367854117832202,47.3,0
2024-11-02 17:59:16,8.62743078260218,47.3,0
2024-11-02 17:59:18,8.582232589281668,47.3,0
2024-11-02 17:59:19,8.809442641138023,47.3,0
2024-11-02 17:59:20,8.711704358935338,47.3,0
2024-11-02 17:59:21,8.813422191864829,47.3,0
2024-11-02 17:59:22,8.650448925441845,47.3,0
2024-11-02 17:59:23,8.729953945966118,47.3,0
2024-11-02 17:59:24,8.55688351247981,47.3,0
2024-11-02 17:59:25,8.534315907765128,47.3,0
2024-11-02 17:59:26,8.688472015763866,47.3,0
2024-11-02 17:59:27,8.573495590806164,47.3,0
2024-11-02 17:59:28,8.590038839303244,47.3,0
2024-11-02 17:59:29,8.659388335775333,47.3,0
2024-11-02 17:59:30,8.658549128277745,47.4,0
2024-11-02 17:59:31,8.637209948845655,47.4,0
2024-11-02 17:59:32,8.62904328280785,47.4,0
2024-11-02 17:59:33,8.59571997478934,47.4,0
2024-11-02 17:59:34,8.58404998012959,47.4,0
2024-11-02 17:59:35,8.55380011193975,47.4,0
2024-11-02 17:59:36,8.558246471148948,47.5,0
2024-11-02 17:59:37,8.559172104899707,47.5,0
2024-11-02 17:59:38,8.543177602880343,47.5,0
2024-11-02 17:59:39,8.382797593694344,47.5,0
2024-11-02 17:59:40,8.431101339340733,47.5,0
2024-11-02 17:59:41,8.302929766171415,47.6,0
2024-11-02 17:59:42,8.340470198955927,47.6,0
2024-11-02 17:59:43,8.285495199593672,47.6,0
2024-11-02 17:59:44,8.401768743634202,47.6,0
2024-11-02 17:59:45,8.209715052587741,47.6,0
2024-11-02 17:59:46,8.311220996607164,47.6,0
2024-11-02 17:59:47,8.141113526246082,47.7,0
2024-11-02 17:59:48,8.224215644734954,47.7,0
2024-11-02 17:59:49,8.131401711404113,47.7,0
2024-11-02 17:59:50,8.257188004132296,47.7,0
2024-11-02 17:59:51,8.020996786853251,47.8,0
2024-11-02 17:59:52,8.178041889833867,47.8,0
2024-11-02 17:59:53,8.159664820256605,47.8,0
2024-11-02 17:59:54,8.118123553241876,47.8,0
2024-11-02 17:59:55,8.12269173929524,47.9,0
2024-11-02 17:59:56,8.038311449570573,47.9,0
2024-11-02 17:59:57,8.022182364941568,47.9,0
2024-11-02 17:59:58,8.00928762878734,47.9,0
2024-11-02 17:59:59,8.010646589677377,48.0,0
2024-11-02 18:00:00,8.03777153306582,48.0,0
2024-11-02 18:00:01,8.036636159024022,48.0,0
2024-11-02 18:00:02,8.029125059876897,48.0,0
2024-11-02 18:00:03,8.028943718444863,48.1,0
2024-11-02 18:00:04,8.141667377751997,48.1,0
2024-11-02 18:00:05,8.11972377676462,48.1,0
2024-11-02 18:00:06,8.272136321093244,48.1,0
2024-11-02 18:00:07,8.108842318524058,48.1,0
2024-11-02 18:00:08,8.215432354436315,48.1,0
2024-11-02 18:00:09,8.107756539672073,48.1,0
2024-11-02 18:00:10,8.270985547696585,48.2,0
2024-11-02 18:00:11,8.191729830339199,48.2,0
2024-11-02 18:00:12,8.343479570487299,48.2,0
2024-11-02 18:00:13,8.217567992129629,48.2,0
2024-11-02 18:00:14,8.36036609315336,48.2,0
2024-11-02 18:00:15,8.247442817337777,48.2,0
2024-11-02 18:00:16,8.385379942544478,48.2,0
2024-11-02 18:00:17,8.142154555847295,48.2,0
2024-11-02 18:00:18,8.038866361829657,48.2,0
2024-11-02 18:00:19,7.950421550326855,48.2,0
2024-11-02 18:00:20,7.967724420952674,48.3,0
2024-11-02 18:00:21,7.862542369002116,48.3,0
2024-11-02 18:00:22,8.029788712549616,48.3,0
2024-11-02 18:00:23,7.936424692166939,48.3,0
2024-11-02 18:00:24,8.051435587892941,48.4,0
2024-11-02 18:00:25,8.057474550342825,48.4,0
2024-11-02 18:00:26,8.023898395079408,48.4,0
2024-11-02 18:00:27,8.032304344571916,48.4,0
2024-11-02 18:00:28,8.173472407318705,48.4,0
2024-11-02 18:00:29,8.009345352443535,48.5,0
2024-11-02 18:00:30,8.16241948330703,48.5,0
2024-11-02 18:00:31,8.043710645522285,48.5,0
2024-11-02 18:00:32,8.168737912810835,48.5,0
2024-11-02 18:00:33,8.025232286900193,48.5,0
2024-11-02 18:00:34,8.185786804221141,48.5,0
2024-11-02 18:00:35,8.108365777737243,48.5,0
2024-11-02 18:00:36,8.283012954721139,48.6,0
2024-11-02 18:00:37,8.134382944004878,48.6,0
2024-11-02 18:00:38,8.322795804377119,48.6,0
2024-11-02 18:00:39,8.391757451232372,48.6,0
2024-11-02 18:00:40,8.37777171157659,48.6,0
2024-11-02 18:00:41,8.371404829616672,48.6,0
2024-11-02 18:00:42,8.347098521857845,48.7,0
2024-11-02 18:00:43,8.365651386027297,48.7,0
2024-11-02 18:00:44,8.402868461981916,48.7,0
2024-11-02 18:00:45,8.421486933502543,48.7,0
2024-11-02 18:00:46,8.504268253809157,48.7,0
2024-11-02 18:00:47,8.511865273094733,48.8,0
2024-11-02 18:00:48,8.515924940084433,48.8,0
2024-11-02 18:00:49,8.521906118933737,48.8,0
2024-11-02 18:00:50,8.588376930032565,48.8,0
2024-11-02 18:00:51,8.635626027471094,48.8,0
2024-11-02 18:00:52,8.560683815040731,48.8,0
2024-11-02 18:00:53,8.57469293267312,48.9,0
2024-11-02 18:00:54,8.66000016105797,48.9,0
2024-11-02 18:00:55,8.637934659785973,48.9,0
2024-11-02 18:00:56,8.559845459108374,48.9,0
2024-11-02 18:00:57,8.582202595405528,49.0,0
2024-11-02 18:00:58,8.605318038446537,49.0,0
2024-11-02 18:00:59,8.59957521296464,49.0,0
2024-11-02 18:01:00,8.552660187571824,49.0,0
2024-11-02 18:01:01,8.573297045979311,49.1,0
2024-11-02 18:01:02,8.64513582269136,49.1,0
2024-11-02 18:01:03,8.638133362168087,49.1,0
2024-11-02 18:01:04,8.72451632648707,49.1,0
2024-11-02 18:01:05,8.73722605420627,49.1,0
2024-11-02 18:01:06,8.733654389538172,49.1,0
2024-11-02 18:01:07,8.73537641086673,49.2,0
2024-11-02 18:01:08,8.734644783069644,49.2,0
2024-11-02 18:01:09,8.737318792278256,49.2,0
2024-11-02 18:01:10,8.737318792540913,49.2,0
2024-11-02 18:01:11,8.743510837666635,49.3,0
2024-11-02 18:01:12,8.726194049782283,49.3,0
2024-11-02 18:01:13,8.743268926822397,49.3,0
2024-11-02 18:01:14,8.778467655283038,49.3,0
2024-11-02 18:01:15,8.783634501001307,49.3,0
2024-11-02 18:01:16,8.805185528425229,49.4,0
2024-11-02 18:01:17,8.797463705255655,49.4,0
2024-11-02 18:01:18,8.938219270533347,49.4,0
2024-11-02 18:01:19,8.816184889192884,49.4,0
2024-11-02 18:01:20,8.915093802279616,49.5,0
2024-11-02 18:01:21,8.918304894081258,49.5,0
2024-11-02 18:01:22,8.939284282272263,49.5,0
2024-11-02 18:01:24,9.041653284743301,49.6,0
2024-11-02 18:01:25,9.15483785517525,49.6,0
2024-11-02 18:01:26,9.153665756405433,49.6,0
2024-11-02 18:01:27,9.150089117056162,49.6,0
2024-11-02 18:01:28,9.175163713695172,49.7,0
2024-11-02 18:01:29,9.200906210949823,49.7,0
2024-11-02 18:01:30,9.221829786619194,49.8,0
2024-11-02 18:01:31,9.244406045207215,49.8,0
2024-11-02 18:01:32,9.251717505785514,49.9,0
2024-11-02 18:01:33,9.309366326586138,49.9,0
2024-11-02 18:01:34,9.309266614926173,50.0,0
2024-11-02 18:01:35,9.174978395830768,50.0,0
2024-11-02 18:01:36,9.309388050839686,50.1,0
2024-11-02 18:01:37,9.11387779723168,50.2,0
2024-11-02 18:01:38,9.149159724896565,50.2,0
2024-11-02 18:01:39,9.037844195050466,50.3,0
2024-11-02 18:01:40,8.983703815431248,50.4,0
2024-11-02 18:01:41,9.06558780994805,50.4,0
2024-11-02 18:01:42,9.074057527414569,50.5,0
2024-11-02 18:01:43,9.135516089439125,50.5,0
2024-11-02 18:01:44,9.123532598250584,50.6,0
2024-11-02 18:01:45,9.123532361559041,50.6,0
2024-11-02 18:01:46,9.122084432930233,50.7,0
2024-11-02 18:01:47,9.100773977681,50.7,0
2024-11-02 18:01:48,9.110172333620692,50.8,0
2024-11-02 18:01:49,9.211910847809056,50.8,0
2024-11-02 18:01:50,9.215411588667386,50.9,0
2024-11-02 18:01:51,9.215411441100601,50.9,0
2024-11-02 18:01:52,9.169333351807001,51.0,0
2024-11-02 18:01:53,9.118301726887845,51.0,0
2024-11-02 18:01:54,9.1919681795363,51.0,0
2024-11-02 18:01:55,9.077235351642456,51.1,0
2024-11-02 18:01:56,9.28430275242734,51.1,0
2024-11-02 18:01:57,9.32616350804366,51.2,0
2024-11-02 18:01:58,9.398863035732806,51.2,0
2024-11-02 18:01:59,9.644402340937583,51.2,0
2024-11-02 18:02:00,10.833815092552904,51.2,0
2024-11-02 18:02:01,11.385135496282306,51.2,0
2024-11-02 18:02:02,11.57067414228996,51.2,0
2024-11-02 18:02:03,12.104023973046026,51.2,0
2024-11-02 18:02:04,12.793148319991179,51.2,0
2024-11-02 18:02:05,13.404490446476478,51.2,0
2024-11-02 18:02:06,14.573839121017269,51.2,0
2024-11-02 18:02:07,15.112852724427546,51.2,0
2024-11-02 18:02:08,15.236647920187966,51.3,0
2024-11-02 18:02:09,15.199523594649198,51.3,0
2024-11-02 18:02:10,15.26248682281561,51.4,0
2024-11-02 18:02:11,15.091828636548563,51.5,0
2024-11-02 18:02:12,15.081282779974504,51.6,0
2024-11-02 18:02:13,15.057588213746325,51.6,0
2024-11-02 18:02:14,15.05379288861159,51.6,0
2024-11-02 18:02:15,14.97344686005707,51.6,0
2024-11-02 18:02:16,14.991165748357604,51.7,0
2024-11-02 18:02:17,14.925349752430822,51.7,0
2024-11-02 18:02:18,15.021523885572456,51.7,0
2024-11-02 18:02:19,14.901684336795425,51.8,0
2024-11-02 18:02:20,14.897903028455199,51.8,0
2024-11-02 18:02:21,14.797888048170853,51.8,0
2024-11-02 18:02:22,14.808983385655813,51.9,0
2024-11-02 18:02:23,14.646072643699743,52.0,0
2024-11-02 18:02:24,14.56415262805232,52.0,0
2024-11-02 18:02:25,14.343010620636226,52.1,0
2024-11-02 18:02:26,14.345459094691373,52.1,0
2024-11-02 18:02:27,14.231700516982219,52.2,0
2024-11-02 18:02:28,14.198283772930164,52.3,0
2024-11-02 18:02:29,14.014110217838406,52.4,0
2024-11-02 18:02:30,13.984245508923488,52.4,0
2024-11-02 18:02:31,13.82547530399153,52.5,0
2024-11-02 18:02:32,13.814595883712482,52.6,0
2024-11-02 18:02:33,13.624824955078076,52.6,0
2024-11-02 18:02:34,13.589020153322451,52.7,0
2024-11-02 18:02:35,13.553662584362636,52.8,0
2024-11-02 18:02:36,13.387653821750165,52.9,0
2024-11-02 18:02:37,13.397733746131035,52.9,0
2024-11-02 18:02:38,13.321627263308901,53.1,0
2024-11-02 18:02:39,13.236532909885062,53.1,0
2024-11-02 18:02:40,13.206429369583695,53.2,0
2024-11-02 18:02:41,13.040436973860682,53.3,0
2024-11-02 18:02:42,13.04604090505804,53.3,0
2024-11-02 18:02:43,12.893837851561553,53.4,0
2024-11-02 18:02:44,12.868339756963959,53.5,0
2024-11-02 18:02:45,12.67496578094303,53.6,0
2024-11-02 18:02:46,12.653237659686585,53.6,0
2024-11-02 18:02:47,12.46589551678167,53.7,0
2024-11-02 18:02:48,12.456073055622912,53.8,0
2024-11-02 18:02:49,12.215407701586674,53.8,0
2024-11-02 18:02:50,12.219913342931392,53.8,0
